{
    "SVM": {
        "Accuracy": 0.7890554451869243,
        "Precision": 0.7956120405453496,
        "Recall": 0.7890554451869243,
        "F1 Score": 0.789497867828508,
        "Time": 54.04520916938782
    },
    "Logistic Regression": {
        "Accuracy": 0.7708145204984649,
        "Precision": 0.7709713529825938,
        "Recall": 0.7708145204984649,
        "F1 Score": 0.7708396614518906,
        "Time": 4378.058123111725
    },
    "Random Forest": {
        "Accuracy": 0.8231894527722593,
        "Precision": 0.8285749161297481,
        "Recall": 0.8231894527722593,
        "F1 Score": 0.8237910214462442,
        "Time": 21.750489950180054
    }
}