{
    "metrics": {
        "Logistic Regression": {
            "Accuracy": 0.7708145204984649,
            "Precision": 0.7709713529825938,
            "Recall": 0.7708145204984649,
            "F1 Score": 0.7708396614518906,
            "Time": 4378.058123111725
        },
        "Random Forest": {
            "Accuracy": 0.8231894527722593,
            "Precision": 0.8285749161297481,
            "Recall": 0.8231894527722593,
            "F1 Score": 0.8237910214462442,
            "Time": 21.750489950180054
        },
        "SVM": {
            "Accuracy": 0.7890554451869243,
            "Precision": 0.7956120405453496,
            "Recall": 0.7890554451869243,
            "F1 Score": 0.789497867828508,
            "Time": 54.04520916938782
        }
    },
    "confusion_matrices": {
        "Logistic Regression": [
            [
                735,
                40,
                73,
                51,
                18,
                33
            ],
            [
                56,
                845,
                76,
                63,
                20,
                39
            ],
            [
                59,
                65,
                896,
                69,
                26,
                52
            ],
            [
                30,
                53,
                60,
                800,
                21,
                63
            ],
            [
                23,
                29,
                13,
                22,
                355,
                11
            ],
            [
                31,
                53,
                52,
                55,
                13,
                637
            ]
        ],
        "Random Forest": [
            [
                786,
                71,
                40,
                35,
                2,
                16
            ],
            [
                28,
                940,
                58,
                39,
                7,
                27
            ],
            [
                29,
                92,
                964,
                59,
                6,
                17
            ],
            [
                15,
                44,
                54,
                872,
                3,
                39
            ],
            [
                16,
                46,
                20,
                12,
                347,
                12
            ],
            [
                20,
                64,
                42,
                66,
                0,
                649
            ]
        ],
        "SVM": [
            [
                762,
                61,
                61,
                35,
                2,
                29
            ],
            [
                39,
                889,
                72,
                62,
                3,
                34
            ],
            [
                42,
                75,
                929,
                89,
                4,
                28
            ],
            [
                23,
                40,
                82,
                846,
                1,
                35
            ],
            [
                26,
                58,
                27,
                20,
                312,
                10
            ],
            [
                16,
                67,
                48,
                77,
                2,
                631
            ]
        ]
    },
    "class_distributions": {
        "Logistic Regression": [
            934,
            1085,
            1170,
            1060,
            453,
            835
        ],
        "Random Forest": [
            894,
            1257,
            1178,
            1083,
            365,
            760
        ],
        "SVM": [
            908,
            1190,
            1219,
            1129,
            324,
            767
        ]
    },
    "labels": [
        "barely-true",
        "false",
        "half-true",
        "mostly-true",
        "pants-fire",
        "true"
    ]
}